Sentiment,Nombre,Pourcentage
neutre,557,61.88888888888889
positif,230,25.555555555555554
négatif,113,12.555555555555555
